sample_id	sex	chr	type	cn	iscn	start	stop	color	gene
SAMPLE_001	female	21	trisomy	3	+21	1	46709983	#FC8181	
SAMPLE_001	female	X	monosomy	1	-X	1	156040895	#90CDF4	
SAMPLE_001	female	5	partial_loss	1	del(5p)	1	45368512	#90CDF4	
SAMPLE_001	female	17	partial_gain	3	dup(17q)	43044000	83257441	#FBD38D	
SAMPLE_001	female	21	gene	2		37700000	37865335	#B794F4	DYRK1A
SAMPLE_001	female	21	gene	2		34787801	36004954	#B794F4	RUNX1
SAMPLE_001	female	17	gene	2		7661779	7687538	#68D391	TP53
SAMPLE_001	female	17	gene	2		43044295	43125483	#68D391	BRCA1
SAMPLE_001	female	17	gene	2		39687914	39730426	#68D391	ERBB2
SAMPLE_001	female	5	gene	2		11080000	11690000	#68D391	CTNND2
SAMPLE_001	female	X	gene	2		154021573	154137103	#68D391	MECP2
SAMPLE_001	female	X	gene	2		31119221	33339609	#68D391	DMD
SAMPLE_001	female	13	gene	2		32315086	32400266	#68D391	BRCA2
SAMPLE_001	female	7	gene	2		117480025	117668665	#68D391	CFTR
