chrom	pos	cn	baf
21	1	3.1683217759429865	0.6858746127064661
21	29212	2.996656587711828	0.3771731290670006
21	58424	2.960455027810366	0.3495414640745034
21	87636	2.9643969314244685	0.6495013673663794
21	116848	3.0899528188597074	0.6479679707386893
21	146060	2.8363868110164927	0.2922393636905984
21	175272	2.779951528182193	0.6669791436577313
21	204484	3.025490574743028	0.3052577500343591
21	233696	3.025340910315296	0.3374814902185293
21	262908	3.07093326147148	0.3091345441978961
21	292120	2.9968960961982893	0.6279266417203249
21	321332	3.211131091869275	0.2719292234626951
21	350544	3.098903722341001	0.3488625617876666
21	379756	2.723909040877228	0.2883170129802656
21	408968	2.835363754254548	0.3448942730477362
21	438180	2.775810271039721	0.3104735329051057
21	467392	3.0093745139829458	0.6778489395640238
21	496604	3.0228921762435608	0.6685512663912815
21	525816	3.2050993350601966	0.3344363934392281
21	555028	2.9112883501495426	0.3586331345956754
21	584240	2.8922527119619392	0.6487434256362938
21	613452	3.0303653960280714	0.7146226580650398
21	642664	2.876323731095848	0.692901355777201
21	671876	2.9694751063440386	0.3198620085208273
21	701088	3.110794934882486	0.3230061620386223
21	730300	3.093195312734509	0.3334038852269903
21	759512	3.1277505398594605	0.3171418155629901
21	788724	2.843318895916375	0.6177555496794217
21	817936	3.066939277543825	0.3005268771413158
21	847148	3.00113554375825	0.3004284177483554
21	876360	3.284206451575032	0.3240168265531309
21	905572	3.0863451379829345	0.6333924986772588
21	934784	3.0009428797909745	0.6948241530256384
21	963996	3.123439647906989	0.6737936680185487
21	993208	3.06992641012456	0.317466883090734
21	1022420	3.0913556768230146	0.3053535072849161
21	1051632	3.061465822830848	0.6705211659978503
21	1080844	2.9549995729438128	0.3580943227628443
21	1110056	2.953960252220009	0.6134831187789861
21	1139268	3.0844874280662866	0.6248820637949986
21	1168480	2.9256801047248007	0.6389708760857464
21	1197692	3.021772777419606	0.2905287816535558
21	1226904	3.061368847344386	0.6264260629460728
21	1256116	2.932476097853475	0.3301616101353533
21	1285328	3.0548231298164894	0.6687483871742765
21	1314540	3.00462853935081	0.6585399116868448
21	1343752	2.955488466080352	0.6759084333788594
21	1372964	3.0938476327895152	0.3275102087664222
21	1402176	2.8501069037126268	0.3071203557454935
21	1431388	2.8494183252436183	0.3169232427017194
21	1460600	3.0067327803202697	0.3363664071187624
21	1489812	2.866613971505216	0.6334329291001801
21	1519024	3.155976520646072	0.3387924464162569
21	1548236	2.961343925090281	0.5735623080954156
21	1577448	2.8338673281937883	0.6689524241238785
21	1606660	2.9821709140325336	0.3394754622522257
21	1635872	3.214928065380964	0.6409508337508277
21	1665084	2.8952812030567983	0.7018847654105502
21	1694296	2.9268242571963103	0.3643036538843988
21	1723508	3.0678443629515164	0.33625970028218
21	1752720	3.169732371421028	0.7185636142574999
21	1781932	2.881373548324555	0.3059485667898206
21	1811144	2.9100056944113435	0.6963928057208147
21	1840356	2.815031757178803	0.3723497387598856
21	1869568	2.998626431703004	0.6357359494603099
21	1898780	3.030343033230857	0.3323036007014107
21	1927992	3.110081789335469	0.2856436700569842
21	1957204	3.0519839644465696	0.6950524660249742
21	1986416	3.0132628616371875	0.3799969726749105
21	2015628	3.0318878713364734	0.3135910709021446
21	2044840	3.072356391664973	0.3289799943716293
21	2074052	2.858822168579417	0.3146540611857767
21	2103264	3.031213798907061	0.4047697998923131
21	2132476	2.801318412830891	0.3027423154888745
21	2161688	3.1377083158032817	0.3026320217784296
21	2190900	3.2171254501891644	0.6867309219578362
21	2220112	2.930668367514331	0.3273396338628506
21	2249324	3.03858632815849	0.4053583238118342
21	2278536	3.097842184100119	0.7295798390253585
21	2307748	3.187592122764208	0.3484921304244303
21	2336960	2.985032309852472	0.3579452665795569
21	2366172	2.916278457842153	0.3519354898719085
21	2395384	3.0571571794138386	0.7013599136975334
21	2424596	3.1592115375444663	0.3457133382253612
21	2453808	3.0101526193316923	0.6397305822528921
21	2483020	3.162892362175904	0.30531390058071
21	2512232	3.122011621153649	0.6991267672054198
21	2541444	3.089048172481269	0.6549541895670679
21	2570656	2.9971132999987327	0.7102605142995445
21	2599868	2.9713834966636905	0.3517928545636232
21	2629080	3.206855969213341	0.6344003232854427
21	2658292	2.895925358257617	0.2955693039027433
21	2687504	3.06246175476076	0.2908199819201215
21	2716716	3.053976037773269	0.353547907328029
21	2745928	3.0420607549674488	0.7049175054212302
21	2775140	2.870385293542355	0.3183163235632343
21	2804352	3.009583556548208	0.6698618506026797
21	2833564	2.936514653980118	0.3396021026846724
21	2862776	3.1122381629692817	0.356266261901407
21	2891988	3.0308548757222384	0.3195264383935693
21	2921200	3.1784408332631786	0.6830115298746786
21	2950412	3.172775224490486	0.3278049156283488
21	2979624	2.9527343237476207	0.2832098227959775
21	3008836	3.172790041194892	0.7110427935587459
21	3038048	2.92646482328714	0.679483411541572
21	3067260	3.160569172311	0.6642755153480698
21	3096472	2.859495208116664	0.6472812668460898
21	3125684	3.1789337888324245	0.308756109850745
21	3154896	2.915729186504393	0.2866169218503913
21	3184108	2.9597928033020824	0.6362918639443597
21	3213320	2.979661431633759	0.6418674848338886
21	3242532	2.9288514870717406	0.6533408814944123
21	3271744	3.163836697897501	0.3696631683281939
21	3300956	2.7956139538903293	0.3478941745861029
21	3330168	3.0618340199379186	0.3024196694565723
21	3359380	3.0726014240702098	0.2821866117810109
21	3388592	2.8745987065222	0.6424772244654982
21	3417804	2.9461285692513624	0.7133641912050923
21	3447016	2.880637317043478	0.3499153845136454
21	3476228	2.9616523927174416	0.6645882324187906
21	3505440	3.1091121019852173	0.3294895650256705
21	3534652	2.9546153211934487	0.3643553142307326
21	3563864	3.034508359927199	0.3293319238607434
21	3593076	2.9878166650966804	0.7379692503774824
21	3622288	3.240978585049678	0.3324611131712116
21	3651500	3.0156905517271606	0.642049587579477
21	3680712	2.897151379189188	0.6093868462989649
21	3709924	3.0288834331328194	0.6832539454159839
21	3739136	3.0838037475249824	0.3237101845925008
21	3768348	2.935241002017232	0.6418805205903727
21	3797560	3.1548157570381705	0.3507519721953049
21	3826772	2.8057712376596657	0.3381024316818476
21	3855984	2.948872401291056	0.6562148079351461
21	3885196	3.0024935175217045	0.6791750831887345
21	3914408	3.117490562445808	0.6658803277819274
21	3943620	3.1695211714006617	0.3577272767007963
21	3972832	3.1666574831194305	0.3327152709334487
21	4002044	3.0193510834630155	0.6585315642838673
21	4031256	3.1359839191203744	0.7073726391138045
21	4060468	3.0798982400302046	0.6379408799772482
21	4089680	3.0156756040623742	0.6277648321908287
21	4118892	2.940137284253435	0.6520511751289112
21	4148104	3.0282195371297136	0.6164593005299126
21	4177316	3.151956132597129	0.2839029536511558
21	4206528	3.0105528563502357	0.6628381619068618
21	4235740	2.954507018504718	0.3317896116835863
21	4264952	3.1388751401814496	0.3220800608239622
21	4294164	2.947325306967209	0.6851080588710736
21	4323376	3.067034426204261	0.6559697305075556
21	4352588	3.046819739499224	0.6130544554284306
21	4381800	3.1086385069737767	0.3524036301110007
21	4411012	3.0968209254296832	0.3275119633154615
21	4440224	3.0798575880952197	0.6909145973336944
21	4469436	2.961213402648574	0.3487657004125356
21	4498648	2.93825164310846	0.3624696421893365
21	4527860	3.0390362192443097	0.3034129713878135
21	4557072	3.0286873988484357	0.2943599687965976
21	4586284	3.297118805686479	0.3272951268557443
21	4615496	3.042990818429099	0.6655116961888616
21	4644708	3.011319460906008	0.7074372925250086
21	4673920	2.9325974540409208	0.6853379630326949
21	4703132	2.8782134730918973	0.3344433417513979
21	4732344	2.819609064122396	0.2935664438092276
21	4761556	2.871795625844199	0.308832972558259
21	4790768	2.9658029351598847	0.2815505397517798
21	4819980	3.116511555758809	0.3054706755362164
21	4849192	3.050999837336653	0.6755001753948995
21	4878404	2.882917631311156	0.3435398502833925
21	4907616	2.927754502146192	0.6892587838176024
21	4936828	2.987230222397676	0.6929540398334982
21	4966040	2.9591596074932025	0.3470908091209096
21	4995252	2.8979588641024074	0.3119792849452902
21	5024464	2.704970567967602	0.6470957506044299
21	5053676	2.8727955364354583	0.7090044809432967
21	5082888	2.8793625783087577	0.3183067575042172
21	5112100	3.1372235800584622	0.6596525439466167
21	5141312	3.168002491841294	0.6664931327373123
21	5170524	2.77515165776416	0.6252667990426578
21	5199736	3.090664149108316	0.6645115578671541
21	5228948	3.146453584032006	0.2830969287624011
21	5258160	2.90788705671484	0.3488740119703621
21	5287372	2.8049984832615724	0.3167375587757531
21	5316584	3.1970434177529867	0.31252768367021
21	5345796	2.9775587219888484	0.2724578800254865
21	5375008	3.153172874595966	0.679627628928375
21	5404220	3.0102644388527118	0.401805630795352
21	5433432	3.176922650521178	0.3128490177074785
21	5462644	3.0556119948584266	0.6685521187823872
21	5491856	2.956893674947054	0.3773706297815919
21	5521068	2.9422402581715823	0.4010982674643646
21	5550280	2.930508892156069	0.6337315487131272
21	5579492	2.9758802722045874	0.3663327444920837
21	5608704	2.9919986805601164	0.2467409820470583
21	5637916	3.044234201517107	0.2355418236477884
21	5667128	2.9527864259063974	0.6163483447687105
21	5696340	3.2111569681668986	0.3188748448199132
21	5725552	3.1940634990074064	0.2700877212995626
21	5754764	3.034604189689223	0.7093016353266954
21	5783976	3.2225287377166905	0.3312565136197504
21	5813188	3.1756943097986188	0.3485775696124719
21	5842400	2.965225385208672	0.3196046508101731
21	5871612	3.058004563234415	0.6522237646757614
21	5900824	2.9942185977577	0.667482991943538
21	5930036	3.174621482964623	0.728440262571183
21	5959248	2.8976117691095093	0.6759873571904114
21	5988460	2.8313208047210754	0.3348550645897251
21	6017672	2.999110575465323	0.6384274445142227
21	6046884	2.8990959608785065	0.2998983682312526
21	6076096	2.90237764424856	0.3096691617955487
21	6105308	2.9797860544664223	0.6884598073892685
21	6134520	2.9483080321598534	0.6797699211128784
21	6163732	2.9664099199185454	0.2707146684271147
21	6192944	2.9762442196949923	0.3434326977848397
21	6222156	3.034626303412374	0.3515820851329484
21	6251368	2.923033389654792	0.3476857323714964
21	6280580	2.934293248172275	0.6871050670302737
21	6309792	3.1064983498500687	0.3478652722816931
21	6339004	3.1431086186627235	0.6810118974125039
21	6368216	3.21626043672031	0.6299511131098783
21	6397428	3.0060258849739774	0.3590326030007881
21	6426640	3.136905581469933	0.7216607486787514
21	6455852	2.964490292071001	0.367983021622214
21	6485064	3.0570945391635216	0.6782261210148961
21	6514276	3.013535596650148	0.3277850491887342
21	6543488	3.210354436877539	0.6511754400830013
21	6572700	2.9266237911941246	0.2737765363360164
21	6601912	2.902723621803579	0.3590066684019615
21	6631124	3.0066000879872288	0.2855238892201618
21	6660336	2.769301985001253	0.6592365762212944
21	6689548	3.009269622038168	0.3185893461873745
21	6718760	2.7067509625988877	0.7076896932888342
21	6747972	2.8955934562176258	0.6899314230582689
21	6777184	2.999721073428716	0.6515638264540343
21	6806396	2.802528185165718	0.3265986808878621
21	6835608	3.030957633450123	0.6637597962460778
21	6864820	2.738385979622294	0.6887159811023394
21	6894032	2.9914589594867462	0.6396816301254681
21	6923244	3.088542146671139	0.3388322513401635
21	6952456	3.140250383023365	0.3239103618317173
21	6981668	3.1836853245159964	0.7435105729119315
21	7010880	2.894434562590975	0.3063149871884023
21	7040092	2.951288710880489	0.706725349400992
21	7069304	2.9169280169465197	0.3173076447910344
21	7098516	3.1027371737598277	0.3272909706930355
21	7127728	3.0249301940377085	0.3706996280693334
21	7156940	2.9987194103685604	0.3464988469199904
21	7186152	2.992475178290158	0.6667250932281309
21	7215364	3.0682053314878783	0.3194569218856865
21	7244576	2.8973744255119334	0.3717964041716719
21	7273788	3.0951278844339045	0.6593514424650673
21	7303000	3.039577550921615	0.3192962150668679
21	7332212	3.125537926634542	0.6496640127369169
21	7361424	2.9569422830061387	0.3843041262771159
21	7390636	3.006189070188859	0.2923396355134675
21	7419848	3.131551569287737	0.3386495654573112
21	7449060	2.861771880446517	0.680084660117476
21	7478272	3.1459377730995666	0.6340867726069837
21	7507484	2.9689807002210866	0.3219037167351702
21	7536696	3.093970547575147	0.3188591612691405
21	7565908	3.0976318388114787	0.65190397086823
21	7595120	2.978702732855274	0.3332006431686004
21	7624332	3.004033969388156	0.3394132387968994
21	7653544	2.8377374179001182	0.3213917070920947
21	7682756	2.7850643428356268	0.3902450787852722
21	7711968	3.012835465516797	0.6502881239334162
21	7741180	3.1410628659373074	0.6778118445175144
21	7770392	2.978613571348564	0.3336719595799945
21	7799603	2.750613592567174	0.6883051689250587
21	7828815	2.9432234323949262	0.6763915463580433
21	7858027	2.940387552346982	0.6449246348662006
21	7887239	2.9575455367686434	0.6895805744773926
21	7916451	2.87738425644479	0.6706551584985033
21	7945663	2.913006449049033	0.3594783342674081
21	7974875	2.8204529768074664	0.3535896813392414
21	8004087	3.246901319416708	0.6881300515297314
21	8033299	3.200833935895603	0.3580655695062107
21	8062511	2.884931009881127	0.3131228216848079
21	8091723	3.005921350758712	0.3328651237856183
21	8120935	2.9284090127077684	0.3634334342495419
21	8150147	2.9811163472072586	0.3371476801346854
21	8179359	3.0477822727806942	0.3069987040438841
21	8208571	3.022905516552724	0.6389450458265147
21	8237783	3.1178956202830865	0.6932611416559034
21	8266995	2.9387539469338586	0.3134840144856509
21	8296207	3.001564832083924	0.6684999634291966
21	8325419	2.703372156206761	0.7123267953279036
21	8354631	3.0192084951141744	0.3048259892473569
21	8383843	2.749584912294928	0.3655610225197158
21	8413055	2.8482011325831	0.2999989311630204
21	8442267	3.152576306841224	0.7059811748092
21	8471479	3.154042665978644	0.675152745574326
21	8500691	2.8792464250589784	0.2787725712094037
21	8529903	3.2059257141255526	0.2934906693916931
21	8559115	3.086965681059129	0.3042292364556322
21	8588327	3.057640863961278	0.3340179210081744
21	8617539	2.860692883259388	0.7037781095940502
21	8646751	3.218419259954322	0.3416813332012339
21	8675963	3.0875977592689146	0.6441788142932311
21	8705175	2.904771408757548	0.373375642671764
21	8734387	2.7214857726449653	0.6681579339759387
21	8763599	2.860325291286059	0.302562967400294
21	8792811	3.018891889918778	0.3265296875359584
21	8822023	2.9743626013517	0.3303025423202698
21	8851235	3.179566244092867	0.6443938059656603
21	8880447	2.8717826206558983	0.6985488894053329
21	8909659	3.036857639660408	0.6591434972285434
21	8938871	3.12567753502696	0.645122716557378
21	8968083	2.8420188236903883	0.6883149604060594
21	8997295	3.0733550188862657	0.6818838826493648
21	9026507	2.998117652451465	0.6936205774973134
21	9055719	2.9339390719243603	0.6929339651348746
21	9084931	2.736530706099769	0.310183515820799
21	9114143	3.0545752180586496	0.6665377069392361
21	9143355	2.9190742115792805	0.2625539500350696
21	9172567	2.954331211876378	0.6740707587311211
21	9201779	3.168144584627693	0.6772055678519266
21	9230991	2.996237670674365	0.6639334621497817
21	9260203	3.029177618065372	0.3012358671493467
21	9289415	3.23415353916448	0.7016971862699973
21	9318627	3.0203084798706508	0.293694702996156
21	9347839	2.904393355317405	0.3750768886206926
21	9377051	3.1521191932924326	0.6244111893981655
21	9406263	3.008425198587486	0.6620398949642317
21	9435475	2.938305835379075	0.6016048369399705
21	9464687	2.892327602501558	0.3073006284368411
21	9493899	2.965641958425596	0.6772339125740927
21	9523111	3.113872847961933	0.3394322071811924
21	9552323	2.932962361372149	0.662763696438263
21	9581535	3.0201166620973825	0.3148962434260095
21	9610747	2.899166414721855	0.4008067295908925
21	9639959	3.1709016048333303	0.3275178651735309
21	9669171	2.834691051810864	0.4150268563341844
21	9698383	2.882314758870721	0.7159960772155453
21	9727595	2.920827817964243	0.3099212728874272
21	9756807	2.836668897238347	0.6554184833411268
21	9786019	3.0631483477868686	0.3785174189761576
21	9815231	3.081773936463991	0.6282650894067465
21	9844443	3.0774877303621238	0.7120472745551084
21	9873655	3.082586018914226	0.3266100160745512
21	9902867	2.8214925894748824	0.5955312353614948
21	9932079	3.0308888786467767	0.2960137592254285
21	9961291	3.165321521280516	0.6628174350534913
21	9990503	2.9591961958934143	0.3145240939672977
21	10019715	3.1293140597404423	0.6484194662477805
21	10048927	2.9809519802024367	0.6255537869228258
21	10078139	2.985082531110375	0.6689402935430042
21	10107351	2.855006548177596	0.7157974815878811
21	10136563	2.9427560587001915	0.715085635103722
21	10165775	3.1540243326098003	0.3662182382833099
21	10194987	2.92350586215526	0.6646839618774748
21	10224199	3.2274680473893	0.706474607800982
21	10253411	2.9803358285341943	0.6226783396258277
21	10282623	3.161899522382692	0.3484417308135202
21	10311835	3.001241674860536	0.377780825470938
21	10341047	2.722361541318138	0.6922726581132177
21	10370259	2.912834337487396	0.6213448556566437
21	10399471	2.913359918841265	0.6431516498987312
21	10428683	2.917229632117889	0.6504637403856626
21	10457895	2.849370296484931	0.2975863882078751
21	10487107	2.881550805661014	0.32011480213735
21	10516319	3.073181976372618	0.6669761639108386
21	10545531	3.3152424978515835	0.663077939978903
21	10574743	3.0245062665445483	0.6428986008306976
21	10603955	2.958066415011112	0.3631942920494728
21	10633167	2.703401413643579	0.3244981464138028
21	10662379	3.237549922657575	0.627218484696014
21	10691591	3.127865984136674	0.3165711938671031
21	10720803	2.9451808795497407	0.6531708006300759
21	10750015	3.037244453308229	0.2752943954185539
21	10779227	2.9433377336677786	0.3184570174615834
21	10808439	2.8588322640447066	0.7084787933923976
21	10837651	2.952357130893696	0.6623712962606447
21	10866863	3.1029874348923325	0.6643901884918483
21	10896075	3.0438074522692715	0.34645668145679
21	10925287	2.97390073857257	0.3120863930227057
21	10954499	3.078201133880173	0.6372248649186619
21	10983711	2.9613150217845727	0.351015536146521
21	11012923	3.149221640814637	0.3293637017551126
21	11042135	2.8740968125108948	0.2785522381995761
21	11071347	2.956809420728582	0.6822530775790208
21	11100559	3.095279311250456	0.3394793025896084
21	11129771	3.086299491821603	0.6174896201733996
21	11158983	2.919110473071693	0.598221694390194
21	11188195	2.895054149957457	0.6499467634548793
21	11217407	3.061521665395419	0.7462428371132115
21	11246619	3.171986387069447	0.7412371818460384
21	11275831	3.108206325645966	0.7153897715743953
21	11305043	2.8581392033299613	0.3073289427101802
21	11334255	2.9192255647655942	0.3050687344916028
21	11363467	2.8696722136669184	0.6310188473987721
21	11392679	3.169983999756646	0.6329001497313842
21	11421891	2.992636264083314	0.3485878899103367
21	11451103	2.96319299257507	0.3820532581308007
21	11480315	3.032889140472803	0.6624316370455825
21	11509527	3.056763863457491	0.3135616625606334
21	11538739	2.952814067915505	0.3022661864656267
21	11567951	3.0338415054365058	0.3234872492258536
21	11597163	3.0120935571052017	0.6441371594972308
21	11626375	3.196933430070782	0.6277175445027761
21	11655587	3.0042267080030416	0.3354107892966846
21	11684799	3.0484184609620835	0.3058535454653126
21	11714011	2.92432207458442	0.6542316711710489
21	11743223	2.9259103980480594	0.3304316496059987
21	11772435	3.0552997369956767	0.2678862562571015
21	11801647	2.890589358372398	0.28403382319173
21	11830859	3.0400065812719785	0.6739316184477167
21	11860071	2.97121031153957	0.2950881664990778
21	11889283	3.073670746358178	0.3314467871350889
21	11918495	2.765265155617238	0.3079774877030504
21	11947707	3.1732715366704216	0.6783756167798738
21	11976919	2.8020531312479404	0.2819740727260485
21	12006131	3.21507900026318	0.3051048852557372
21	12035343	3.0091995789147323	0.3781178219119299
21	12064555	3.061694281582631	0.6810575719896007
21	12093767	2.994672696672372	0.3578126929564137
21	12122979	3.0096968225787464	0.3302601107538616
21	12152191	2.8856366559963718	0.6318565545669239
21	12181403	3.074788968355284	0.6478043463423443
21	12210615	3.053401818420816	0.3103468980452831
21	12239827	3.0509915454635625	0.6504479427770669
21	12269039	3.179620499378965	0.7092653294221894
21	12298251	2.831918571475672	0.3231683475574188
21	12327463	3.009838968554726	0.2882257987708495
21	12356675	2.821433255371201	0.3095453980733411
21	12385887	3.140193657928685	0.3421432802261657
21	12415099	3.0878488116099283	0.2845042711014606
21	12444311	2.9717002806041664	0.7026351568879508
21	12473523	3.106656903799548	0.3736082193016449
21	12502735	3.0600078654123024	0.3046471640959403
21	12531947	2.8218039454007253	0.3457671376455084
21	12561159	3.078832900415089	0.3583438915726409
21	12590371	2.89738421095136	0.6393146685956186
21	12619583	3.018974399834867	0.3173374016188325
21	12648795	3.1128689870575843	0.661700067433989
21	12678007	3.0058586965833536	0.681094840988009
21	12707219	2.9921756303298808	0.7136910957768988
21	12736431	3.170588069295152	0.6619425334827437
21	12765643	3.021239305749641	0.2839976626178466
21	12794855	2.9690724415068424	0.2766246302236718
21	12824067	2.810140140155431	0.3065611454731883
21	12853279	3.002972793711824	0.3209921263196563
21	12882491	3.083899856514265	0.3654044114542667
21	12911703	3.1793573537217226	0.2773291964198695
21	12940915	2.8123914409050714	0.6639522747816593
21	12970127	3.053879338621291	0.3738303705997398
21	12999339	3.0826984627631333	0.3412857129282819
21	13028551	2.9492543645598857	0.2921934638914241
21	13057763	3.1991614527777594	0.6744529800087651
21	13086975	2.8993785944944896	0.6676050698391104
21	13116187	3.2198485471911367	0.3664055380042766
21	13145399	3.016675154257146	0.6907067406474581
21	13174611	3.092472375406377	0.677038172281344
21	13203823	2.951204486960343	0.3454045720034494
21	13233035	2.8158972696787146	0.6697547291309336
21	13262247	2.987633880064039	0.6454839453098273
21	13291459	3.077678910018477	0.690090464976485
21	13320671	2.935012827757736	0.3082038690811685
21	13349883	2.966349366922664	0.3391965388039556
21	13379095	3.0099544873116084	0.6893551965090545
21	13408307	2.81776301452249	0.6307599722435584
21	13437519	2.96590614851622	0.6616014755565046
21	13466731	3.0252062116228045	0.714992891896339
21	13495943	2.9364444469539137	0.7083279364189018
21	13525155	3.1488695438833654	0.6811941020517364
21	13554367	3.0271685879164445	0.6628365360955607
21	13583579	2.74410358734505	0.3200592669528534
21	13612791	2.9386244951818576	0.6481049539532387
21	13642003	2.91673083539204	0.3260626544710809
21	13671215	2.897213874062316	0.7069115942979944
21	13700427	3.1844297595370343	0.3092656574660959
21	13729639	3.0749154874728486	0.6299290654633846
21	13758851	2.9543014824183635	0.3574689056490389
21	13788063	2.943567504305101	0.3171200439476266
21	13817275	2.961837657509261	0.2985026998739596
21	13846487	2.929866113243477	0.3290325303340609
21	13875699	2.9162882166700306	0.6580235649382827
21	13904911	3.060674896709864	0.3295994911036914
21	13934123	2.7523265962557315	0.3427038221207942
21	13963335	3.062273521133168	0.6786064866685417
21	13992547	2.8169983531940668	0.6813841876133013
21	14021759	3.061370303373641	0.3317397146462883
21	14050971	3.1279198388034084	0.274183786258755
21	14080183	2.875011811596976	0.6700194258503196
21	14109395	2.912301798043628	0.2887756267894026
21	14138607	3.116999242164511	0.3058541801204861
21	14167819	2.9623979434343246	0.6463014001978563
21	14197031	2.9062096248395277	0.3446032575050476
21	14226243	2.913109075275613	0.6137994251520328
21	14255455	3.2899807805718533	0.3214667002191338
21	14284667	2.9404399827567387	0.6645688114235111
21	14313879	3.0607941943287518	0.3506560844834037
21	14343091	3.078090553679885	0.3303732736344429
21	14372303	3.187720964799927	0.343766231505766
21	14401515	3.2318322797177763	0.3308431317228501
21	14430727	2.774266301711537	0.3787077308958298
21	14459939	3.174174588631784	0.3144003506146716
21	14489151	3.0168451244974688	0.3973710573987706
21	14518363	2.876716282568464	0.6508011261784138
21	14547575	3.1174503670207256	0.6908983337816511
21	14576787	2.891734478996141	0.7133127318096758
21	14605999	3.155335821594763	0.3219933571803318
21	14635211	2.9542692612285526	0.3254432959036988
21	14664423	3.1292151459103037	0.2873091202453079
21	14693635	3.0890439231155464	0.7693963739107007
21	14722847	2.855057204541868	0.3215356820241898
21	14752059	2.8308596545556	0.3706876449612102
21	14781271	3.0202302251681528	0.646929612946584
21	14810483	2.94167914218511	0.2862964649525022
21	14839695	3.0794888035917385	0.309380700130868
21	14868907	2.971959343090706	0.3339910835796463
21	14898119	2.895810956393892	0.6722225756581519
21	14927331	3.04156543184144	0.6490106318829836
21	14956543	2.751114922293872	0.655194056766228
21	14985755	2.8406261947478177	0.3331227953439105
21	15014967	2.87559215922509	0.3052713292524524
21	15044179	2.7124370554863986	0.6548103220650561
21	15073391	3.0435562799610465	0.636439394845354
21	15102603	2.897450226194976	0.3526963173367189
21	15131815	3.0282501667328483	0.6295863388199561
21	15161027	3.089551139861013	0.6599596150781964
21	15190239	3.152096195979911	0.3452614143022144
21	15219451	3.0957644103607813	0.6875603762601843
21	15248663	2.807742494638857	0.2952205842164402
21	15277875	2.891679619519702	0.6929266002638651
21	15307087	2.7914349738024407	0.6836163165232613
21	15336299	2.889896153857068	0.3495898095446287
21	15365511	3.175881117110475	0.3262882740270543
21	15394723	3.0357692383347588	0.6831856556253045
21	15423935	3.1193787571327176	0.6878121982273429
21	15453147	2.839687700297503	0.4042709111488616
21	15482359	2.975258665403551	0.2782926597403778
21	15511571	3.0716825426361045	0.3422704707453763
21	15540783	2.879072977680869	0.3517581458483482
21	15569995	2.973138961191811	0.6788656584187288
21	15599206	3.1134412201719064	0.7003351009515271
21	15628418	3.1201276511338745	0.6987539154588317
21	15657630	3.063428644171503	0.3407409600803364
21	15686842	2.9952781630743006	0.3269973691517405
21	15716054	3.013174904053572	0.6082612362820903
21	15745266	2.865985662050711	0.7351690896407302
21	15774478	3.225470481916612	0.6008985114930842
21	15803690	2.845559842751779	0.3500026273745499
21	15832902	3.15547441015756	0.3418861159658427
21	15862114	2.768928580334691	0.2918619385645974
21	15891326	2.9672305563675487	0.3995493884698432
21	15920538	3.0452501161875416	0.6988604795671268
21	15949750	2.912376929823619	0.3409703136714884
21	15978962	2.8195343161243955	0.6329093527912932
21	16008174	2.9009552005971955	0.3781677999754625
21	16037386	2.9699029472973653	0.3802188724054416
21	16066598	3.0199057847016624	0.676892343967508
21	16095810	2.985313627564764	0.3873821620315221
21	16125022	3.014866668687794	0.6785905341564644
21	16154234	3.039870313675184	0.6838437712147961
21	16183446	3.0803589445093285	0.33016584767419
21	16212658	2.9444930484066507	0.6945164933183435
21	16241870	3.040694211482521	0.6885983514088972
21	16271082	2.858800959683593	0.3156370542945231
21	16300294	2.806727653652226	0.2971136390341585
21	16329506	2.9440423226991923	0.6652153639813464
21	16358718	3.3726128287593573	0.6929415627212788
21	16387930	2.998375424674565	0.665714774586383
21	16417142	3.1008197269547133	0.6428620760347432
21	16446354	3.14236266672255	0.3285895006282475
21	16475566	2.962610670759674	0.6354962921620642
21	16504778	3.1782887342952497	0.3140715880043646
21	16533990	3.059402602357693	0.2760850809169936
21	16563202	3.130989610296789	0.3342598922950846
21	16592414	3.0236179976442616	0.3541437269818481
21	16621626	3.030316185674319	0.671520499389078
21	16650838	3.171038362139865	0.6824755876084783
21	16680050	2.941505744733507	0.3352404893764302
21	16709262	3.03987927075736	0.6847282957964721
21	16738474	3.0115524417679933	0.688353015301416
21	16767686	3.0167647968742446	0.6889841953857095
21	16796898	3.084176998585128	0.3648815220626965
21	16826110	3.0407150394329805	0.2818192550322759
21	16855322	2.9930375982994297	0.6935754283685586
21	16884534	3.203801044017087	0.3234426079612856
21	16913746	3.0484897510343734	0.3157384786546945
21	16942958	2.9255738308365085	0.6119915296083508
21	16972170	3.00332248284552	0.62242337165169
21	17001382	3.0028187009171257	0.6549288212876897
21	17030594	2.935887825453153	0.6450721086067156
21	17059806	2.948386140747144	0.6998707532867043
21	17089018	2.988223180609826	0.6921030211300641
21	17118230	3.0621342419520805	0.7150952975695789
21	17147442	2.865936190065388	0.665402018933613
21	17176654	3.0699641481661364	0.6896377221542007
21	17205866	2.976847114357838	0.2827620119261997
21	17235078	2.8711256135986574	0.4017264225614703
21	17264290	3.0636407341636622	0.7238892572927251
21	17293502	3.038797919746925	0.3051398653538448
21	17322714	3.0703280300801548	0.7180417135962673
21	17351926	3.134514370956321	0.6354961814219122
21	17381138	3.2215623486321965	0.3097884166296733
21	17410350	3.011632156113723	0.6702879374955211
21	17439562	2.969265185808875	0.6437047158204178
21	17468774	2.9874898440550672	0.6881640423862573
21	17497986	2.959647896646705	0.7041229238777859
21	17527198	2.936473227555409	0.2874188483516294
21	17556410	3.004240655841188	0.6735557854580673
21	17585622	2.8189098381788704	0.300292235284302
21	17614834	3.1027638833176785	0.6782429435566646
21	17644046	3.045024585864932	0.6789453322370574
21	17673258	3.1843615024295184	0.3108859897020367
21	17702470	2.8991117329357023	0.6650731866499144
21	17731682	3.174832187081102	0.6730968863210298
21	17760894	3.1162027290708747	0.3094731493435853
21	17790106	2.88848883237282	0.2797667374625729
21	17819318	2.8712684178563403	0.3532725118777098
21	17848530	3.0427309016540334	0.6930519031911606
21	17877742	3.072385423338793	0.351664107721849
21	17906954	3.09707699045884	0.3002147194590057
21	17936166	2.9270827781381974	0.3230210127572616
21	17965378	3.2903898993457665	0.6210812902712513
21	17994590	2.867919150653194	0.7325808513193337
21	18023802	3.14270092651698	0.2901415925524014
21	18053014	2.7940787324121183	0.7075524631643998
21	18082226	2.908597988940646	0.6467159632089987
21	18111438	3.10875237858369	0.3390822652772618
21	18140650	3.212345023680659	0.3222939734906012
21	18169862	3.137071995953041	0.3184349130431407
21	18199074	2.9831118090626463	0.6821939440648153
21	18228286	2.86423501194902	0.653443875871446
21	18257498	3.155392147776152	0.2815965465930242
21	18286710	2.9814350361925994	0.6650267802714473
21	18315922	3.176609560549805	0.3634334972788353
21	18345134	3.140274384468281	0.6704949034300999
21	18374346	3.0662610966414383	0.641796777473314
21	18403558	2.9056047573677906	0.41295557276326
21	18432770	2.912863993014313	0.6702490283495873
21	18461982	3.0753947010671427	0.6444876382642799
21	18491194	3.022380001670243	0.7344475033393052
21	18520406	3.2303380764870173	0.2780372419047033
21	18549618	3.0780067910456848	0.3020331990823103
21	18578830	3.067943996944038	0.3606475674111309
21	18608042	3.191143059935784	0.6415384671784674
21	18637254	2.928790653152697	0.3519205446358523
21	18666466	3.068133301178639	0.3557491412384373
21	18695678	2.9031734722760074	0.3920562792843504
21	18724890	3.113486951262574	0.701885383310746
21	18754102	3.195872071378206	0.6562576373704908
21	18783314	3.0291270584754084	0.6479062738507189
21	18812526	2.803821678624367	0.6383209667882461
21	18841738	3.127873195821517	0.2965059222872135
21	18870950	3.187862515137588	0.3418226154098164
21	18900162	2.9173630213267963	0.6166805611177784
21	18929374	2.92640852331902	0.6748365262380802
21	18958586	3.124213999260815	0.6121285440275113
21	18987798	2.895848395293832	0.6777160869283444
21	19017010	2.8729119915599197	0.3135750928338751
21	19046222	2.898732391720931	0.3489876540961023
21	19075434	2.9530005948375577	0.5889602009448616
21	19104646	3.096445568507522	0.3584019416754649
21	19133858	3.025861961412274	0.3303183224556232
21	19163070	3.121436418797472	0.6559494700647085
21	19192282	3.075682271231879	0.3456943043729074
21	19221494	3.1690376129233626	0.3433605677433126
21	19250706	3.13289568253608	0.2886775806780417
21	19279918	2.873987280671142	0.3347121305234099
21	19309130	2.965429120907229	0.6919652909655973
21	19338342	3.1604128490272063	0.6222086801763886
21	19367554	3.0556925755848314	0.6761225212803077
21	19396766	2.94392572080202	0.7061234020965912
21	19425978	2.961995647401249	0.3351257784939653
21	19455190	3.111178129331238	0.6558934661538057
21	19484402	2.962634547270496	0.6289231213484057
21	19513614	3.14287900639711	0.6370046957391461
21	19542826	2.981560198970957	0.317848836720753
21	19572038	3.1846634822029283	0.6932993954569947
21	19601250	3.145950454979189	0.6877838752917601
21	19630462	2.937019204970037	0.6579908047351972
21	19659674	3.097911042814917	0.3051932067798242
21	19688886	2.839870905323972	0.6516654112750144
21	19718098	3.0110818848138687	0.7046514163516076
21	19747310	3.001330410998276	0.2841811261921089
21	19776522	2.79889873557122	0.6704782848671658
21	19805734	2.7903935424523096	0.3136364892890252
21	19834946	3.145387798755776	0.6890837351799386
21	19864158	2.996747705122897	0.6625717054424204
21	19893370	3.0195812018788306	0.2910389446520148
21	19922582	2.965488635820668	0.7161217962127209
21	19951794	3.15206466855596	0.6751968454959345
21	19981006	2.8203943087693646	0.6734603516512494
21	20010218	3.1016146001551395	0.2866655675294749
21	20039430	3.237525115040106	0.658741616373651
21	20068642	2.9037519648509997	0.3064923042742635
21	20097854	2.88404626585086	0.3257911841350164
21	20127066	3.0466127146193736	0.6121202574387546
21	20156278	3.0782454136245208	0.3322944444621337
21	20185490	2.846261372180492	0.3534002378831107
21	20214702	2.9572545536323407	0.65198014308966
21	20243914	3.182341290019933	0.6766240426837782
21	20273126	3.229809362784182	0.6373258591215322
21	20302338	2.980550806338504	0.7189623881773105
21	20331550	3.015941091086994	0.297857833782665
21	20360762	3.038464244414062	0.3228225168383997
21	20389974	2.666108653831541	0.6443834403592122
21	20419186	2.9097441221623463	0.6404850200336893
21	20448398	2.9940744814964555	0.3761739810412651
21	20477610	3.2814144897583484	0.3729265293134056
21	20506822	3.050994559365422	0.6539221707144051
21	20536034	3.175180035915848	0.4316669251842985
21	20565246	2.9773181905676904	0.702330428023399
21	20594458	3.0539993724170293	0.6997825477995343
21	20623670	2.884770032861888	0.6695802902870553
21	20652882	2.8223573269507694	0.3651189644627872
21	20682094	2.86398975541021	0.3331569214318874
21	20711306	2.9462567151686088	0.2998345703145967
21	20740518	2.9875376662985627	0.6688088508845158
21	20769730	2.9221358964222555	0.6561393243222403
21	20798942	2.715708613776634	0.6324666594336104
21	20828154	3.077599098647568	0.3598586149312027
21	20857366	2.890878623922972	0.3347893502959558
21	20886578	2.994059670308592	0.6675068734040555
21	20915790	2.900902627318369	0.7221808972205976
21	20945002	3.1092604379423383	0.6747637957121428
21	20974214	2.7778984713931894	0.3668844243237098
21	21003426	3.0963268602492904	0.2982279998099782
21	21032638	2.9324667878463924	0.3062314923453662
21	21061850	2.945838773872117	0.3299582429209237
21	21091062	2.989695653721544	0.6728519037397452
21	21120274	2.976070967122684	0.3388919597553999
21	21149486	3.151854806140468	0.3600563208616178
21	21178698	3.0621111985704497	0.438549391462473
21	21207910	3.1440822282631293	0.2815888411422482
21	21237122	3.0437224794278257	0.3116227827617275
21	21266334	2.967541200654213	0.3420003939956669
21	21295546	2.969539788740526	0.3885626378996363
21	21324758	2.7918605392559988	0.6631867853436316
21	21353970	3.2115075944874696	0.6693256920634082
21	21383182	2.9677563331353274	0.6576411737348506
21	21412394	2.769888439511658	0.3458324472186488
21	21441606	2.859916392396081	0.3290571675702849
21	21470818	2.794599529937856	0.6944483724039323
21	21500030	2.8964522685121827	0.70667502797266
21	21529242	3.0497789766085264	0.3185026076699189
21	21558454	2.735339047328117	0.3585826727781802
21	21587666	3.141273984536918	0.6473785057524319
21	21616878	2.9074011858004987	0.6765263945238852
21	21646090	2.9569704986005547	0.309725996520211
21	21675302	2.973965487725259	0.2800758452203036
21	21704514	2.851026241918181	0.6975018739836399
21	21733726	3.0688238100039964	0.2991801284346163
21	21762938	2.813798706325398	0.6477069994469367
21	21792150	3.1677266206995256	0.3191086112782685
21	21821362	2.855528719172893	0.3869393949586758
21	21850574	2.9783177163660675	0.7186869675306988
21	21879786	2.900554884739716	0.2795409059682161
21	21908998	3.1140188041988206	0.6328348807837831
21	21938210	2.846482262783149	0.3862816690522732
21	21967422	3.151299552229286	0.7355673228539067
21	21996634	3.2407635034570235	0.3443521392199246
21	22025846	2.8162646163405527	0.3341164779034845
21	22055058	2.756070952042732	0.3281273564933181
21	22084270	2.950335666057996	0.6634183283288311
21	22113482	3.0007186375287094	0.6325581177911765
21	22142694	2.95634024971313	0.3548209134869022
21	22171906	2.9497855259204773	0.6417208735702942
21	22201118	3.066164511378599	0.6895911940177978
21	22230330	3.026415478710612	0.6710322497562697
21	22259542	2.792065576077244	0.7028487844989881
21	22288754	2.896650594615644	0.6494308751033467
21	22317966	3.143683704307226	0.2917114372486497
21	22347178	3.0037565987528296	0.6396549913039253
21	22376390	2.979957841786315	0.329353706970976
21	22405602	2.832915447570011	0.6653392489236317
21	22434814	3.074911986711791	0.6315298695386202
21	22464026	2.984981500301651	0.654005087217625
21	22493238	2.9848611009117296	0.6723581492039412
21	22522450	3.104443569281208	0.691204365267412
21	22551662	2.8607245940656147	0.6693156651753713
21	22580874	3.12798142038798	0.351047590686382
21	22610086	3.0234977500719395	0.6712665927504088
21	22639298	3.126129459735755	0.6714431984734223
21	22668510	2.95314092927422	0.6850092269829489
21	22697722	3.1412242202549807	0.294236024793246
21	22726934	2.648443580332743	0.3866048654822665
21	22756146	2.822005881792561	0.6723252258458771
21	22785358	2.876416535153397	0.6673598852151715
21	22814570	2.89634814083446	0.3374733654641165
21	22843782	3.1192589496083074	0.7041777724254942
21	22872994	2.7537755351429225	0.3424772577172069
21	22902206	3.094509316246716	0.6891152424343917
21	22931418	2.9850894721322057	0.672667088535644
21	22960630	2.851979653368005	0.6375689891947633
21	22989842	3.197738567229137	0.2521276597907617
21	23019054	2.824995630479169	0.3548856080502225
21	23048266	3.0952407306252545	0.7002718310780471
21	23077478	3.145292550656213	0.6340568424106244
21	23106690	2.762712019489671	0.2904917350046327
21	23135902	2.862096108235513	0.6348784974789224
21	23165114	3.149443108641814	0.3107641342322367
21	23194326	3.008311021471344	0.3013634381455932
21	23223538	3.0676659266829183	0.672285001444892
21	23252750	2.996635348472266	0.6732810994601455
21	23281962	3.0814325949106123	0.3296611352611671
21	23311174	2.84313033459836	0.6523247227864519
21	23340386	3.077519090637027	0.6406471462630438
21	23369597	2.968428508025856	0.2834517408678352
21	23398809	2.963161740926296	0.310501360109824
21	23428021	2.8252253388225457	0.3466069409826295
21	23457233	2.802077331471254	0.278939040530853
21	23486445	2.971473972296908	0.6654685655611334
21	23515657	3.135875599165	0.6358023281200106
21	23544869	3.0125674287965656	0.2885132041785664
21	23574081	2.871652239563482	0.3565537795080749
21	23603293	2.967519413500358	0.7045563948884225
21	23632505	2.955305293710196	0.6826126828773776
21	23661717	2.8896904926100446	0.2919690541508299
21	23690929	3.038748979902783	0.352750871509136
21	23720141	2.8725153749901446	0.6899777355417646
21	23749353	2.9066306605782333	0.3876829343472809
21	23778565	2.8574873817052677	0.6517478829414673
21	23807777	2.8979019059138467	0.3390592671241583
21	23836989	3.173121039988707	0.6410901493602787
21	23866201	2.9043368615410445	0.6108240928110649
21	23895413	2.931574523002116	0.6128612205743993
21	23924625	3.085175085472543	0.329613178853214
21	23953837	3.114096684577005	0.6456460506820315
21	23983049	2.928721512545404	0.3435428839889952
21	24012261	3.140162083374106	0.3473296716527863
21	24041473	2.871627663998024	0.3285114083589323
21	24070685	3.0712790049835146	0.6215152795179156
21	24099897	2.980892719885337	0.2984846911530914
21	24129109	3.0417579202621217	0.3351580143289769
21	24158321	3.062393488846268	0.3381755871524902
21	24187533	2.981928034265088	0.6786013912546742
21	24216745	3.052894852932745	0.3541010325742372
21	24245957	3.0841624998960286	0.6608753524625093
21	24275169	2.7957285560556087	0.3343990857029343
21	24304381	2.885176715791477	0.6848535940489163
21	24333593	3.0999638877151323	0.6971481592561779
21	24362805	2.759822958638935	0.6677127030980708
21	24392017	2.8545616474385254	0.3266658364961694
21	24421229	3.1757950400890853	0.677352833663897
21	24450441	2.9460333320683425	0.6695204457657361
21	24479653	3.0147409990449168	0.6599412266583848
21	24508865	3.03997028107762	0.3090773369311119
21	24538077	3.0454415741353635	0.2765822854746541
21	24567289	2.9299302705780037	0.6841564153573118
21	24596501	2.9489182816975346	0.6820543044645047
21	24625713	3.2494056947451377	0.6760394551934746
21	24654925	2.832522970876968	0.3404273085735124
21	24684137	2.908330957953309	0.3231512558370544
21	24713349	2.851951778024002	0.3842550801295902
21	24742561	2.9675971385073465	0.6947097361568721
21	24771773	2.8802535975367274	0.3864478003655598
21	24800985	3.1435432228069877	0.6483572229007778
21	24830197	3.1817297828232096	0.6664922576429467
21	24859409	2.9867424169885046	0.3264935611093503
21	24888621	2.8687673187108857	0.7117266551074607
21	24917833	3.209897562794424	0.2662297844510757
21	24947045	2.8998423544968035	0.3467115642919766
21	24976257	3.017390574547517	0.3347829771545125
21	25005469	3.0349694668833007	0.3613472435711983
21	25034681	2.872898286700612	0.6532224094456465
21	25063893	2.9402333298161074	0.2779005432989356
21	25093105	3.2130032572783565	0.7268034960023235
21	25122317	3.0234991194690317	0.3296621844053323
21	25151529	3.049702565277545	0.6986706111292192
21	25180741	3.0884310908902703	0.6607754068004257
21	25209953	3.042044319655401	0.7041643901144337
21	25239165	3.111765820385823	0.3532392717954963
21	25268377	3.055892597677449	0.7066911288218517
21	25297589	2.974841614242658	0.6601656793351599
21	25326801	3.370118097506348	0.3706502545419138
21	25356013	2.9204425030884544	0.6859113848087357
21	25385225	2.945252312193201	0.6156529502598108
21	25414437	3.158087337936016	0.7110021625620653
21	25443649	3.0866375172403786	0.3474528279304457
21	25472861	2.9431198691314995	0.6611949519090768
21	25502073	2.934075983061386	0.3261756333368582
21	25531285	2.9926207031201626	0.2999277414604472
21	25560497	3.0306665657928464	0.6745769523651935
21	25589709	2.993462926165841	0.6867480724208829
21	25618921	2.931140189893464	0.3335626529473571
21	25648133	3.0748893602368845	0.6770605115557873
21	25677345	3.001437553983105	0.3137386404887372
21	25706557	3.0997150511245235	0.6425018634740848
21	25735769	3.0120783111652427	0.331118513782803
21	25764981	2.812832354995596	0.6778862333182178
21	25794193	3.053563350364643	0.3177917263912869
21	25823405	3.1123150225554754	0.6843055720447507
21	25852617	3.042932134554229	0.356038111354524
21	25881829	2.805602501483728	0.6993387051772804
21	25911041	3.030676382690374	0.3154825137112215
21	25940253	2.94003358234757	0.6202619734331817
21	25969465	3.003764813532876	0.3430702347772876
21	25998677	3.0562263059563457	0.6614671041740969
21	26027889	2.967672534739683	0.3308004851055662
21	26057101	3.072874854737892	0.315596290426706
21	26086313	3.054798285751657	0.7191080084421441
21	26115525	3.039692735106656	0.6575823124407293
21	26144737	2.9542363657522346	0.3862504307197882
21	26173949	3.117027497230612	0.6934458844984919
21	26203161	3.1741107153203374	0.7016254922528825
21	26232373	2.996311053919805	0.6661505515384106
21	26261585	2.9405466279402224	0.6450945850346231
21	26290797	2.9501208278576034	0.6910844564697134
21	26320009	3.094009201707213	0.680370142565465
21	26349221	3.0110818482847765	0.3149431740371952
21	26378433	2.970614943664668	0.6913844995740919
21	26407645	2.9105951418957896	0.6876894814028849
21	26436857	3.046357634190608	0.618386790029502
21	26466069	3.07300180263129	0.6886298075149274
21	26495281	2.990564757287064	0.6989918739142211
21	26524493	3.0322694374274244	0.6243789431675217
21	26553705	3.0590497765948976	0.3886672289953375
21	26582917	3.109940077344448	0.7120946849882879
21	26612129	2.894134604111664	0.2784777369723764
21	26641341	2.913660427293588	0.3192719772282354
21	26670553	2.9510274328694304	0.6432216082664476
21	26699765	3.0027813062921087	0.6344283991360218
21	26728977	2.943576946694366	0.3394369250427767
21	26758189	2.9655020344164043	0.6744900359185241
21	26787401	3.085559378269578	0.3027208738769373
21	26816613	2.8255251789702824	0.306182021595162
21	26845825	2.9042538718673825	0.3303623342638629
21	26875037	2.917122423250628	0.3423525471820365
21	26904249	3.1490474311467693	0.645243518596424
21	26933461	3.008379990229068	0.3320981152473613
21	26962673	3.026154290925741	0.6865889350651829
21	26991885	2.89863490285666	0.3575066147227025
21	27021097	2.9399578502212296	0.3388546071930013
21	27050309	2.690266338899741	0.3348143006750133
21	27079521	3.0052952121216063	0.6628406382135023
21	27108733	2.917702916974435	0.3177667071938584
21	27137945	2.8041541048491747	0.3353719674825143
21	27167157	3.034336717783246	0.3328716061797318
21	27196369	2.885976769099904	0.6824087150351453
21	27225581	3.00943402959096	0.3070749293952907
21	27254793	3.031869382481496	0.6892403864115131
21	27284005	3.330581775662368	0.6244357015033548
21	27313217	2.950621549206973	0.6904821059606131
21	27342429	3.020461435119775	0.3236475391260307
21	27371641	2.991747449934768	0.6360839725488686
21	27400853	2.9058385409880776	0.2962681710726861
21	27430065	3.02184523596229	0.6864854816566807
21	27459277	3.0899138869609994	0.3337470750107211
21	27488489	3.0628262004059224	0.67619640503043
21	27517701	3.08048165263942	0.6642975969451066
21	27546913	2.9021483082062023	0.6578086893545945
21	27576125	3.006435443031375	0.6736042342846983
21	27605337	2.8064630495172014	0.328967357006292
21	27634549	2.790365922591852	0.6471058576992812
21	27663761	3.201407853632843	0.6196524869328541
21	27692973	3.01103983381701	0.3089541821075883
21	27722185	3.073164429495141	0.6745946018485738
21	27751397	3.073589118770172	0.694808311510628
21	27780609	2.9939968578989906	0.6100294914126239
21	27809821	3.1575480811451406	0.6548981470020322
21	27839033	2.9809429005747208	0.6763185504321766
21	27868245	2.738869259478188	0.3335878329831223
21	27897457	3.018596488792437	0.6715190784128277
21	27926669	3.109979871649233	0.3141625800859303
21	27955881	2.828305761093051	0.6465686097556194
21	27985093	2.963718223887048	0.6833445071238456
21	28014305	3.130785439615396	0.6767874866422406
21	28043517	3.1041035801494647	0.6676570847613416
21	28072729	2.981825439511849	0.389919335166323
21	28101941	2.905038955584478	0.3664120467399157
21	28131153	2.9966119251354955	0.3447042329237458
21	28160365	3.026540252524997	0.3576957652543843
21	28189577	3.086315596209597	0.689385422682841
21	28218789	2.9800726616912723	0.3217559890129116
21	28248001	3.183798803382738	0.296591465512785
21	28277213	3.025164659990648	0.698908660696883
21	28306425	2.9549450499542886	0.6695560875459057
21	28335637	2.930686204791997	0.3569993267037051
21	28364849	2.894419039961919	0.3545503302061636
21	28394061	3.119823455200707	0.6249846285252307
21	28423273	2.973101332204822	0.3488252217355974
21	28452485	2.6543822610533843	0.3820082217385987
21	28481697	2.95036003245141	0.3246457453943779
21	28510909	3.1447077740165925	0.6804345661702532
21	28540121	2.941761079651401	0.7012236278159155
21	28569333	2.835235437330613	0.6261151441057516
21	28598545	2.939866293980025	0.2689548943446291
21	28627757	3.067576713859779	0.3253755523799328
21	28656969	2.9674361215254943	0.2830427521656807
21	28686181	2.8844376284497537	0.7104076106843806
21	28715393	3.066512239661898	0.6958554746136217
21	28744605	3.134686786268291	0.7090628946515287
21	28773817	3.1717489394723657	0.3286891146008249
21	28803029	3.020773225136144	0.7036738771711643
21	28832241	2.975189737512632	0.6728078773394999
21	28861453	3.048450478718923	0.682041840024066
21	28890665	3.147169411414453	0.3943101497139925
21	28919877	3.121092869458372	0.6323745947770143
21	28949089	2.98774551652874	0.3821283487274294
21	28978301	2.8825732787959057	0.6136980526491798
21	29007513	3.026035858247025	0.6695542994376055
21	29036725	2.99533319988195	0.3468200967924538
21	29065937	3.051464279980112	0.6552355547276945
21	29095149	2.86578648413526	0.6786246308436168
21	29124361	2.918120898356072	0.3410883163458088
21	29153573	3.1025166638945367	0.6886262686280018
21	29182785	3.0194851784389334	0.6640370758210925
21	29211997	2.8558855757496606	0.3096456332655567
21	29241209	3.1541438604208887	0.6756743002522426
21	29270421	2.961827266082772	0.6603715070479745
21	29299633	3.042791317946607	0.6708787454049941
21	29328845	2.9388307257284123	0.6607267129869389
21	29358057	3.0299218653572124	0.6760203561340268
21	29387269	3.154363361939548	0.6518406690696735
21	29416481	3.1550072599120904	0.6556745652039667
21	29445693	3.1828296529777758	0.6367380196193275
21	29474905	2.9400425121702094	0.6747139956308954
21	29504117	3.074834791382683	0.3030165223496149
21	29533329	2.7967644590264755	0.3392873056355329
21	29562541	3.036454364559575	0.7005774025499264
21	29591753	3.2194100373478065	0.3770185531366598
21	29620965	2.8522279379903277	0.3267126880781709
21	29650177	2.897531388107165	0.7531829327048787
21	29679389	2.9802830983973245	0.6885034007437553
21	29708601	2.968392982721579	0.3338331268476341
21	29737813	3.096665709360814	0.7282543592188778
21	29767025	3.088653617524011	0.6435303317935693
21	29796237	2.753856954369652	0.3295628104273909
21	29825449	2.872623275345385	0.3210792612620344
21	29854661	2.9796103950165564	0.2912814859767663
21	29883873	2.9295060368830343	0.3597152219780075
21	29913085	3.04188545590823	0.6788513509383617
21	29942297	3.0475281946295816	0.3500382958844671
21	29971509	2.728953497863897	0.6895496424327785
21	30000721	2.961203866143987	0.2792819447960166
21	30029933	2.8965830633061254	0.7058466158431356
21	30059145	3.0129630760376096	0.6475001514537015
21	30088357	3.079323128082413	0.6993323003546246
21	30117569	2.9739636566366205	0.6325034633106691
21	30146781	2.8456725118766397	0.6809713104332028
21	30175993	3.157910780734433	0.6511969467823759
21	30205205	2.905244755753416	0.6768369400043057
21	30234417	2.936701454877538	0.6653876639952065
21	30263629	2.7713730327431327	0.6787207484910558
21	30292841	3.0637738251154856	0.6632652342113452
21	30322053	3.0018647385981447	0.65569373446457
21	30351265	3.058960309643508	0.3675846435268076
21	30380477	2.903029764498611	0.7075734826858375
21	30409689	3.07796148667289	0.7271309876737052
21	30438901	3.1698766165322887	0.6716137300888869
21	30468113	2.725330248545593	0.3276913211196474
21	30497325	3.053318233362789	0.6732666011203349
21	30526537	2.824382085604721	0.310616894716002
21	30555749	3.05416530350298	0.2941470932174678
21	30584961	3.1285146882393007	0.3150227439895244
21	30614173	2.8758312643083777	0.3091813900840859
21	30643385	2.9027337987361066	0.6881087805277052
21	30672597	3.016342700366509	0.6947695799884048
21	30701809	2.998144108428329	0.6126308266226413
21	30731021	2.835861739062746	0.6475213462857983
21	30760233	2.931810580559037	0.6830845181948033
21	30789445	2.907422209684323	0.6756878996476984
21	30818657	2.972581073103393	0.6651469860828436
21	30847869	3.2105341357870403	0.6642736290842185
21	30877081	3.018874165694395	0.6815675059497435
21	30906293	2.8710057778303044	0.3433331735795153
21	30935505	3.0326190897557894	0.6322011638396063
21	30964717	2.969113126786054	0.6176974925070331
21	30993929	3.172592123793576	0.6687608762279094
21	31023141	2.9464847281003426	0.6931999686309505
21	31052353	2.9636210669262777	0.6580059232672633
21	31081565	3.133459693877243	0.3965733484894189
21	31110777	2.898286700927457	0.356055031163352
21	31139989	2.8570017758497306	0.3172204388135092
21	31169200	3.0325805051775268	0.6193358456528559
21	31198412	3.0203327411002547	0.3531902243677207
21	31227624	2.8405081677308632	0.6460892748519138
21	31256836	2.761210160697913	0.6539552756093906
21	31286048	3.0385347099453	0.6481197896146664
21	31315260	3.0377845692438004	0.632931146776688
21	31344472	3.0649455421014635	0.6551800580120186
21	31373684	3.1209117757494207	0.6548221919591148
21	31402896	3.011996283354085	0.3055972825102405
21	31432108	2.981458962834857	0.3117729740985312
21	31461320	3.086117972006071	0.3842916927701979
21	31490532	3.0122499936322957	0.3521692092621923
21	31519744	2.8204726344201783	0.6660782429224482
21	31548956	3.028012787158381	0.618961765646579
21	31578168	3.078166675888882	0.3462854678302388
21	31607380	2.89072824434602	0.7250341545816942
21	31636592	3.205427252817226	0.381912930830006
21	31665804	2.961999408436012	0.6659692004116868
21	31695016	3.1288528555257384	0.3403967465271417
21	31724228	2.8820669520669364	0.6368023692184117
21	31753440	3.0991569734134634	0.3379493933119378
21	31782652	3.164976589384972	0.690595793988846
21	31811864	2.9039523989680798	0.345179442910114
21	31841076	3.034931943249575	0.7052669320034237
21	31870288	2.97151537585314	0.6897844360343639
21	31899500	2.8769211913131976	0.6210126546093674
21	31928712	3.0134941135995548	0.6585291451759901
21	31957924	2.9611670539763835	0.3598609540777137
21	31987136	2.968419080838154	0.6210521097320126
21	32016348	2.8597919626267587	0.6720575434604689
21	32045560	3.1027402159858086	0.6572463287999212
21	32074772	2.94965753440549	0.2928612670293336
21	32103984	2.9644900291465066	0.3582221457063776
21	32133196	2.8745771447713646	0.6464573152192309
21	32162408	3.129459915461552	0.7335403558927994
21	32191620	2.8427805640735766	0.6635703472771488
21	32220832	2.8074069334936955	0.3622464574638987
21	32250044	3.016804521125899	0.7203352038030633
21	32279256	2.940429691641917	0.6798740484582193
21	32308468	3.0752619240601176	0.3325254231534258
21	32337680	3.1861068328535973	0.693046365403477
21	32366892	3.1540692848110177	0.3796767409233577
21	32396104	3.1148306843674725	0.6797742859933819
21	32425316	2.890551274839103	0.6489990665539029
21	32454528	3.1254869044725195	0.2867868657799486
21	32483740	2.945490723759616	0.6803502061204557
21	32512952	2.8631227146825124	0.2997722689783315
21	32542164	3.065161465813837	0.697772043908781
21	32571376	2.9481635050643	0.3678635530094787
21	32600588	2.981093277306771	0.6874971542681861
21	32629800	3.080944108387952	0.6682642306805338
21	32659012	3.093468810702683	0.3485238420864985
21	32688224	2.963294055252659	0.3308489354246747
21	32717436	3.016363402967043	0.6621678909266521
21	32746648	3.110714428243852	0.3168861516960687
21	32775860	2.913143636413972	0.3335024611900898
21	32805072	2.8096434421286736	0.670567022298521
21	32834284	2.941087449088745	0.3673481572964516
21	32863496	2.960937431713471	0.6872349353559225
21	32892708	2.984190927339099	0.2903254013365318
21	32921920	3.271515030431748	0.6850432453898478
21	32951132	2.9127766563895965	0.3329216525848427
21	32980344	2.9801354127029303	0.6786086283342675
21	33009556	2.8964909919651034	0.6626840755594549
21	33038768	3.0282714531865205	0.671211427321953
21	33067980	3.062685409896346	0.3795322482185148
21	33097192	3.0896402733103168	0.6591500130262086
21	33126404	3.03024365712	0.6510330192980553
21	33155616	3.011324943027617	0.6491238992714052
21	33184828	2.709013373734582	0.2981082147096198
21	33214040	3.0859257974462886	0.6881720786746174
21	33243252	3.165066208059392	0.7053648823363246
21	33272464	2.906089506490906	0.3122746037811452
21	33301676	2.8960317766512578	0.6860166885254846
21	33330888	2.868633499858983	0.3611859771503178
21	33360100	3.0742842989120094	0.6768682158686896
21	33389312	2.8645233434465425	0.6706217076356213
21	33418524	2.984974722658734	0.6503355062271899
21	33447736	2.8216196135356206	0.3487065282455021
21	33476948	3.0498573303540177	0.3229330125993657
21	33506160	2.947905877290037	0.3480730388012095
21	33535372	3.0256025885633604	0.314658846149125
21	33564584	2.8973477191763317	0.339764983362005
21	33593796	2.914467507763848	0.3627058516817561
21	33623008	2.931238569283678	0.3445152479169484
21	33652220	2.897956781898188	0.3109175568578027
21	33681432	2.892009369553304	0.6371506500933621
21	33710644	2.846441010733738	0.6721436410875269
21	33739856	3.056601764373961	0.7116556378345197
21	33769068	3.0360671171364437	0.6937516126105339
21	33798280	2.9493329395708203	0.7293421573451336
21	33827492	3.0905453619697933	0.752227074474676
21	33856704	3.177323870935382	0.3270116854133874
21	33885916	2.915014986811945	0.6890497106430341
21	33915128	3.0251841924423246	0.6699026057456612
21	33944340	3.025288982228803	0.3136992708665724
21	33973552	2.923050695350267	0.683272782230284
21	34002764	2.843850961368197	0.3376547741470955
21	34031976	3.293965547929345	0.3285868293047748
21	34061188	3.041193655891658	0.3194634007260903
21	34090400	3.0036717792372243	0.3340968451663255
21	34119612	3.0391583515831884	0.3190223643707486
21	34148824	3.291038595821182	0.3259007750384677
21	34178036	2.9738986952519344	0.636912295716491
21	34207248	3.0058313677086077	0.3056934074047553
21	34236460	3.007166159261696	0.3138911194394972
21	34265672	3.130906228833064	0.6760319635324404
21	34294884	3.032420597648351	0.3324340391982282
21	34324096	2.81376629380824	0.3122916051829459
21	34353308	2.788170993470463	0.3149984775074093
21	34382520	3.124177173065793	0.6762906076636257
21	34411732	3.0297061098384632	0.6556891114429997
21	34440944	2.960069081215233	0.3013932252399711
21	34470156	2.904971144887412	0.6904767907599316
21	34499368	3.2096346216597427	0.2891408059272891
21	34528580	3.027686654981624	0.6388193823616519
21	34557792	3.0625526925388145	0.7036490775963421
21	34587004	3.0980010054550475	0.6353090123426662
21	34616216	3.051471122756301	0.7148501972002851
21	34645428	2.9465640665933104	0.6352584499648654
21	34674640	2.9758696871437644	0.6410780632028561
21	34703852	3.0775780899771394	0.638467772678601
21	34733064	3.106507023247911	0.2907193532727985
21	34762276	3.12690548348196	0.3719403982231554
21	34791488	2.9043185973840258	0.3660477925204628
21	34820700	3.021920906332957	0.6282641340143464
21	34849912	2.9032850412233207	0.3772581725459439
21	34879124	2.985554837300625	0.6333079138475857
21	34908336	2.969347707065227	0.4189382184562625
21	34937548	2.9990009383856675	0.6656497720715571
21	34966760	3.1107745758150296	0.6520552586736097
21	34995972	2.8979484009492427	0.3450382104037107
21	35025184	3.235411820378817	0.6436894656687074
21	35054396	3.1498910856152045	0.6276689286709626
21	35083608	2.806402104540296	0.3169895457036104
21	35112820	3.0369345006930715	0.3325155042215316
21	35142032	2.860179970862842	0.6052041431731822
21	35171244	3.0415179575350293	0.6431803214014881
21	35200456	2.8276275474825705	0.3886477506470333
21	35229668	3.137707184966358	0.3298007855795692
21	35258880	3.143234529051869	0.5981394711479755
21	35288092	2.942123819633535	0.6701038152384567
21	35317304	3.0193053858939174	0.6807893086025114
21	35346516	2.8454457457818143	0.6695248688099311
21	35375728	2.931590868356757	0.6936012751272069
21	35404940	2.978553836450414	0.3213739548165686
21	35434152	2.8094482339416147	0.7005341014042575
21	35463364	3.193476712432074	0.6696510733964821
21	35492576	3.0138232607977384	0.6735198331802279
21	35521788	3.146763674576224	0.3404299591613471
21	35551000	2.9755530595275226	0.3509060215419547
21	35580212	2.9133840583378805	0.6807102142522826
21	35609424	3.0091118149966425	0.3077094272507749
21	35638636	3.1113622456736767	0.7180832600788888
21	35667848	2.916008425712421	0.3065223504080691
21	35697060	3.0279261514399494	0.6439735123885415
21	35726272	2.9263010488820798	0.6116609923422358
21	35755484	2.7408269831144607	0.3223652516032135
21	35784696	2.953724584101097	0.6550607913761626
21	35813908	3.0124531483706902	0.3320375082999132
21	35843120	2.997243448049331	0.3051245551293646
21	35872332	2.962697574491285	0.3795052123590601
21	35901544	3.0080313792129743	0.3123955160032577
21	35930756	2.919327201765406	0.3123920004765194
21	35959968	3.056335343453532	0.327858174996622
21	35989180	2.943092857549616	0.3412345280579246
21	36018392	3.0948437000951787	0.3662894527722155
21	36047604	2.830044498421984	0.6857639105756441
21	36076816	3.006688162327355	0.6852344932783816
21	36106028	3.0550694821639093	0.3335823982491637
21	36135240	3.1459143898406854	0.6454224312906712
21	36164452	2.931958437054653	0.3115032567409729
21	36193664	3.136376403444145	0.2634497229613798
21	36222876	3.048227467492905	0.320600757754975
21	36252088	3.2030512693956954	0.3491963129638703
21	36281300	2.819181569276737	0.3222139911217309
21	36310512	3.0238277411208	0.3429797152384802
21	36339724	2.9909921945617386	0.7269875222336369
21	36368936	3.014824236188616	0.6731869497651238
21	36398148	3.0998280173561628	0.3472288283885403
21	36427360	3.162454235836577	0.3334955179407511
21	36456572	3.034653189153192	0.6454695591693697
21	36485784	2.802451470773027	0.3235995555015493
21	36514996	2.949684612260492	0.2973197795351233
21	36544208	3.3738179861244	0.3554503975297632
21	36573420	2.8805791007427066	0.6978755855540456
21	36602632	3.016661523620055	0.3272215110197891
21	36631844	3.0824565904717343	0.7230897353606183
21	36661056	3.114707377478746	0.6632169988941852
21	36690268	2.9225897647539663	0.3561838053979818
21	36719480	3.168244533113848	0.322577446216488
21	36748692	3.1415657329521705	0.3434059731025516
21	36777904	3.047583838696774	0.6281845534975715
21	36807116	2.8850814790473653	0.6551505533949971
21	36836328	2.927625106323734	0.6719888449645685
21	36865540	2.915114521341926	0.6955082839187503
21	36894752	2.9653917887581565	0.3314167112799989
21	36923964	3.159618597979164	0.3709946365642821
21	36953176	3.029476842281277	0.659137143972056
21	36982388	3.068831059381304	0.642229731061
21	37011600	3.013130503203765	0.3861053699870378
21	37040812	3.177163166338329	0.2844951202967046
21	37070024	2.806607965528072	0.6479583416919151
21	37099236	2.541126462031062	0.6697507882065047
21	37128448	2.9881120590175074	0.6611915802022017
21	37157660	2.991113776267418	0.6737906447448333
21	37186872	2.9875704310292943	0.6729500401249594
21	37216084	2.9098977903443206	0.3958889110655567
21	37245296	2.836051727433058	0.3228354647752168
21	37274508	2.979815832991061	0.3408012720832127
21	37303720	2.94847974886288	0.6715686480431282
21	37332932	3.020867118462199	0.5970910859055801
21	37362144	3.0756047264736184	0.6339863396603181
21	37391356	3.1334547482256205	0.6036193375341729
21	37420568	3.0917276804718647	0.2964182244876771
21	37449780	2.990206652420946	0.664007176591746
21	37478992	3.0477735978557674	0.6949642870310603
21	37508204	2.852518911802774	0.7093515942186145
21	37537416	2.8927530605808807	0.7445798170334471
21	37566628	3.1984309226253216	0.6716827684311563
21	37595840	3.118711429362198	0.6699955986208105
21	37625052	2.8181405535020785	0.2855961291188837
21	37654264	2.9100894476756203	0.6389686533933131
21	37683476	3.2160698848337743	0.3532555350070264
21	37712688	2.901700807287735	0.7269543118816403
21	37741900	2.7724477959837444	0.3708836130690104
21	37771112	2.9328351052175887	0.310563556028582
21	37800324	2.935960897727788	0.2943174908921532
21	37829536	3.1323598385894	0.6145097604231586
21	37858748	3.0991432504531837	0.3265598625877505
21	37887960	2.9398711497199903	0.3875728175646462
21	37917172	2.9905335651073224	0.6535700275520727
21	37946384	3.033852433185934	0.3099074170593036
21	37975596	3.0861336119843816	0.3213231988411077
21	38004808	2.954761663666523	0.3205750191646739
21	38034020	3.034750755673396	0.3312883347051819
21	38063232	3.17138382898541	0.5932838299223243
21	38092444	2.9823845101525	0.2992049016413929
21	38121656	3.0166589924372067	0.657129496863887
21	38150868	3.073114928601831	0.6769492505659793
21	38180080	2.931472886056411	0.3117368316730656
21	38209292	2.8938634541181147	0.3351776171421946
21	38238504	3.0472973418479845	0.6500091545708881
21	38267716	3.0698276201583585	0.6940824803707251
21	38296928	2.990208578955368	0.678496180610801
21	38326140	2.9236104617650147	0.6745979545523092
21	38355352	2.944130060065168	0.6932841785444593
21	38384564	3.031246531857008	0.6864479966375524
21	38413776	2.8588126941867373	0.6519909473164243
21	38442988	3.1256140471999463	0.6448723016683577
21	38472200	3.187802185463173	0.7096069200217767
21	38501412	2.8199064879823124	0.7277080133110971
21	38530624	3.066709902896949	0.3645802933324879
21	38559836	3.0951761163938074	0.7038144287742816
21	38589048	3.1047590798735523	0.6388272871165469
21	38618260	2.801739220320893	0.6647938167868934
21	38647472	2.9611339719493586	0.320905011370413
21	38676684	2.9317850074391822	0.6598507636986914
21	38705896	2.9707631441420066	0.6455566276182209
21	38735108	2.851826339715372	0.680077254840367
21	38764320	3.207055455996779	0.6804323595219672
21	38793532	3.052356748605656	0.6424186520300461
21	38822744	2.878012699095153	0.6476282097428377
21	38851956	2.933834324606789	0.6757988066650741
21	38881168	3.168197385323801	0.6688756842292647
21	38910380	2.98795668983402	0.311769141651267
21	38939591	3.153476544822692	0.3237585109478678
21	38968803	3.081089645066754	0.6304722509729427
21	38998015	2.8371008122483814	0.6898469571346806
21	39027227	2.8812679215504358	0.3180124165012734
21	39056439	2.859208543371815	0.6569797078295334
21	39085651	3.0559716717128813	0.3442281287469666
21	39114863	3.228768258430383	0.3613430232395223
21	39144075	3.020775643155609	0.3300481046677083
21	39173287	2.9871142700470763	0.3111627320473107
21	39202499	3.0644336895044173	0.3419740050995848
21	39231711	2.990936546892619	0.3317314542111828
21	39260923	2.959536975695233	0.3393519848746045
21	39290135	3.0231787348713968	0.354253809989642
21	39319347	3.091127187240041	0.664687968643393
21	39348559	2.938874407601108	0.3606433360364601
21	39377771	2.880110169722224	0.6526445574987975
21	39406983	3.1137056718805884	0.6494078017014719
21	39436195	2.733717918606972	0.3568554743289337
21	39465407	2.841191121179099	0.6832294909828083
21	39494619	3.0010933545167533	0.6652189690219974
21	39523831	3.10654006299592	0.6695206031292322
21	39553043	3.0242493856694974	0.6610387959927106
21	39582255	2.931216615207456	0.3239738756733252
21	39611467	3.096876793946288	0.6330345402252986
21	39640679	2.905745778823203	0.646755855112817
21	39669891	3.079784563472955	0.3253676658235195
21	39699103	2.945748721610597	0.2829449956965777
21	39728315	2.856921284352881	0.6052254432365776
21	39757527	3.0853353962450223	0.2815837667745194
21	39786739	3.1893551616751075	0.3652994009269866
21	39815951	2.9519532147381216	0.7275131873884771
21	39845163	3.119245102221082	0.3383051182409191
21	39874375	2.762043037844043	0.3246792077043002
21	39903587	2.835625378869836	0.3643863644385998
21	39932799	2.8813480525899955	0.637050676143723
21	39962011	2.9786645243500267	0.6791349196311789
21	39991223	3.0555128026358336	0.6793248475656197
21	40020435	2.8511045194351974	0.3223157257223755
21	40049647	2.8852600135199147	0.2742749874110149
21	40078859	3.094568071389153	0.3632814332546678
21	40108071	2.894879169077192	0.6527792103397441
21	40137283	3.16209013517876	0.3088791603500294
21	40166495	2.908536767885216	0.2846440279493383
21	40195707	3.135190475459529	0.3477133220418215
21	40224919	3.0934280733639734	0.3410041116137218
21	40254131	3.0056337601108183	0.3462122226990181
21	40283343	3.0221145395902025	0.3162219841034834
21	40312555	3.011173543033672	0.3208526835947745
21	40341767	3.131641465100107	0.6489786695826225
21	40370979	2.734173992057177	0.6770600922418601
21	40400191	2.955261096350279	0.3295250268800082
21	40429403	3.018692660784576	0.6603728744462457
21	40458615	3.140776772492584	0.6327506986887265
21	40487827	2.9273657231828127	0.3202703059783608
21	40517039	2.7454600490788503	0.6254220473376847
21	40546251	2.6939260893427046	0.6509582920637418
21	40575463	3.0046558358096944	0.6451137150257247
21	40604675	2.838353863748099	0.322734989569982
21	40633887	2.967936291417373	0.3378624455209497
21	40663099	2.8427756973012226	0.3250044316917722
21	40692311	2.952886392070105	0.3118798047738524
21	40721523	3.230545055711765	0.3218718961137053
21	40750735	3.1484633868846648	0.6744074324674308
21	40779947	2.9940774893677387	0.3426243135405659
21	40809159	2.962880124928575	0.3702378466599534
21	40838371	2.888962799059667	0.401277917728987
21	40867583	3.063045611991046	0.7135237225029228
21	40896795	2.952998414511585	0.669743885364208
21	40926007	3.157630394934051	0.3019652792649391
21	40955219	3.00982830011936	0.6589203593313205
21	40984431	3.0148153644893125	0.6759874043941115
21	41013643	2.795213391687505	0.3173043298151672
21	41042855	2.9271736950911067	0.3200926220663697
21	41072067	3.219786885498998	0.3493530762543931
21	41101279	2.8109301575662977	0.6639840264398414
21	41130491	2.965498632079089	0.3395372200985264
21	41159703	2.968159018821184	0.3232319769371625
21	41188915	3.0259752222902043	0.2697448024380869
21	41218127	3.041678420242128	0.26969351698395
21	41247339	2.9294684332448733	0.3413282934639816
21	41276551	3.098620784583193	0.3272809756128543
21	41305763	2.9195220274586293	0.3341942131487465
21	41334975	3.063202861737856	0.6782686023683161
21	41364187	2.807713688481246	0.3364932591657377
21	41393399	2.9012445027812976	0.6684444079028461
21	41422611	2.811406397102404	0.3683261209304732
21	41451823	3.025538352541488	0.3363386947499022
21	41481035	3.030492519333633	0.6771536661261799
21	41510247	2.944660755875557	0.6544959772061734
21	41539459	3.024953871692878	0.6352683741601826
21	41568671	2.8506234353140187	0.7350437060112585
21	41597883	3.1412078369839214	0.3545502822940804
21	41627095	3.100412496081504	0.3374264349096003
21	41656307	2.880118853299644	0.3229309901573707
21	41685519	2.849289253751431	0.6886237663754093
21	41714731	2.9340067418060536	0.6547497131068848
21	41743943	3.0205632369488438	0.6910264825128631
21	41773155	3.007289922453934	0.3748138295689348
21	41802367	2.865876583975945	0.3276056765243085
21	41831579	2.9421315913065142	0.3764668438991181
21	41860791	3.0328377803431623	0.3220462055865524
21	41890003	2.9448038197712667	0.2765662144135423
21	41919215	3.0055936171481314	0.3546533770821286
21	41948427	3.1123614256134173	0.6669671956839777
21	41977639	2.918605968204433	0.3548301830523623
21	42006851	3.1014223860430805	0.2963787736011585
21	42036063	2.9890516518712897	0.315420618512029
21	42065275	2.979380671477124	0.7102966382815182
21	42094487	2.8323856021355547	0.6788559588683303
21	42123699	3.08874754931143	0.374911424116045
21	42152911	3.231450422501174	0.6511813298960301
21	42182123	2.8719871953598037	0.4008492778089376
21	42211335	2.884988270787956	0.3983030551600884
21	42240547	3.1837772869219543	0.3526305257184211
21	42269759	3.075596486622564	0.6746037162779162
21	42298971	2.9171900376749336	0.6830145755229691
21	42328183	3.2010409464235243	0.3613363804237247
21	42357395	2.9447879366047545	0.6775657014469139
21	42386607	3.0032794812580628	0.3196041214051316
21	42415819	3.0404781543624733	0.6392004430745736
21	42445031	3.0912639975256435	0.6048594261898346
21	42474243	3.052927438391372	0.3211546713932475
21	42503455	3.2476682706260185	0.2682168558525117
21	42532667	3.164745679459579	0.665436267488642
21	42561879	3.188443232498457	0.3768494725845541
21	42591091	2.9205879461905404	0.3278756637704458
21	42620303	3.038842569842387	0.3017000467074289
21	42649515	3.202137701922845	0.3146351225586144
21	42678727	2.95236909720882	0.3055617625701059
21	42707939	2.953317589193792	0.7210413969617608
21	42737151	3.110676250809718	0.3102999872324591
21	42766363	3.0561888273542044	0.6163756858530091
21	42795575	2.997741007384524	0.746432851945181
21	42824787	3.0327749638731567	0.6642855407380541
21	42853999	2.78143946860572	0.3036068086438201
21	42883211	2.959816676781641	0.330268310305596
21	42912423	2.8980718413377957	0.6629006030787458
21	42941635	3.1924771092614823	0.3440800755613274
21	42970847	2.9786241419194264	0.6651170757585881
21	43000059	3.0101458056046466	0.605743853842695
21	43029271	3.1321826130693724	0.6646181331687738
21	43058483	3.186258771257351	0.3565843838088803
21	43087695	3.0320158228588867	0.653870152748366
21	43116907	2.8978186552092926	0.6918362468522643
21	43146119	2.9341561167059846	0.6983256331264677
21	43175331	3.035290987314761	0.7053763935973482
21	43204543	3.038769742995364	0.6388992239699192
21	43233755	2.902888298874385	0.64200461656335
21	43262967	2.752685104354656	0.6706630143237925
21	43292179	2.805412412962144	0.2755723553561454
21	43321391	2.857671305049533	0.6375944244016657
21	43350603	2.973679006143741	0.3389297467658286
21	43379815	2.9618403852826294	0.267460049088476
21	43409027	2.8004159952178798	0.2761543857363343
21	43438239	2.970690899047005	0.6852933080978996
21	43467451	3.1999870387166824	0.6213632566365079
21	43496663	3.042736683019972	0.4107179145859399
21	43525875	3.240216863488299	0.639409798880628
21	43555087	3.000583182253359	0.2974857012735222
21	43584299	2.996902173354392	0.6274067932275152
21	43613511	3.0339349848686825	0.3288614999468406
21	43642723	3.218490838361322	0.3233918329363757
21	43671935	3.188733294448548	0.6810450952584739
21	43701147	3.0909873638237717	0.6619145471503743
21	43730359	3.0513022065835083	0.357031725902627
21	43759571	2.897052823704884	0.3224046946595555
21	43788783	2.839003870778372	0.6581232939455848
21	43817995	2.946367816618269	0.6761908871681376
21	43847207	3.183747247041396	0.2705347178595551
21	43876419	3.214344414642383	0.295687486182108
21	43905631	2.8069052817821785	0.7204180887519617
21	43934843	3.161944838341069	0.2758679175073449
21	43964055	3.219247091651032	0.695795442695897
21	43993267	3.149829563340998	0.5975660934118839
21	44022479	2.9456166137017883	0.2809284700010701
21	44051691	3.098547408480282	0.6456641801528101
21	44080903	2.814977238782744	0.3419509529732662
21	44110115	2.8317647885897794	0.3246487747457508
21	44139327	3.3001548675608667	0.3408543977284261
21	44168539	2.9455252542005903	0.3129483287144776
21	44197751	2.863446321707829	0.3240891922913299
21	44226963	2.9575337972908438	0.6699802160208714
21	44256175	3.224151130634024	0.6974275385814488
21	44285387	3.1400005784738867	0.7209318161033881
21	44314599	2.920580613160425	0.2967406896394394
21	44343811	2.992525973792246	0.6641833335689145
21	44373023	3.060368409075756	0.3169269087349057
21	44402235	3.082114432112089	0.6783655422685957
21	44431447	3.0622295037542107	0.3713007882967787
21	44460659	2.887633896280947	0.6721073750240991
21	44489871	2.973909295106455	0.652284926858863
21	44519083	2.8688271942333388	0.3602515030643334
21	44548295	3.1163471924030546	0.6620952079769176
21	44577507	2.990396476847255	0.3249220365956501
21	44606719	3.0421910585158907	0.687572353545421
21	44635931	2.9220187477947444	0.2898972011691577
21	44665143	3.0787480272024705	0.6279821997593968
21	44694355	3.082855533811361	0.2995249945794221
21	44723567	2.8309590964255595	0.6611294544015086
21	44752779	3.097260635155672	0.7007716960412218
21	44781991	2.8632538492070494	0.6496260070396529
21	44811203	2.9202955655687277	0.3142490315535294
21	44840415	3.1124447684713554	0.3351149004650391
21	44869627	2.924145054778636	0.6418082334402363
21	44898839	3.016509402281668	0.6556303815902298
21	44928051	2.991285551272997	0.3287345264078746
21	44957263	2.829785788114949	0.6869739646986446
21	44986475	3.1721053222864866	0.6982574984937409
21	45015687	3.1736686655709163	0.6651754116963549
21	45044899	3.058209958244884	0.6610634701636946
21	45074111	2.966655284207688	0.3235650095610574
21	45103323	3.0142179359366623	0.3361211849605195
21	45132535	3.1633615382867464	0.7140412405642207
21	45161747	2.9405697192185207	0.395243709207022
21	45190959	2.951548603433641	0.7254696877242761
21	45220171	2.976340513248895	0.3619797351028931
21	45249383	2.741181623413492	0.6393353203040839
21	45278595	3.086997726576709	0.3365249522050419
21	45307807	3.0266341176189853	0.6590369821312536
21	45337019	3.10309450263727	0.6658939916413081
21	45366231	2.947047662222758	0.7222053909652799
21	45395443	2.829877339437426	0.369859258779365
21	45424655	3.0201406196559417	0.3554118267270705
21	45453867	2.8641780247142776	0.4084744700942244
21	45483079	3.0724069750574468	0.6947908026892035
21	45512291	3.0826391334633776	0.7146195227965483
21	45541503	3.260638666295408	0.686677907380368
21	45570715	3.172599346286711	0.3359470814480748
21	45599927	3.036820987535888	0.7309229240250574
21	45629139	2.9734439230862484	0.3064971186992306
21	45658351	3.1100473094170544	0.6216328206449078
21	45687563	3.040562911465692	0.301166616406498
21	45716775	2.947709588317042	0.3162947430880428
21	45745987	2.756339181105006	0.6975002034558855
21	45775199	3.27999918884216	0.7077463175793324
21	45804411	3.132325758652522	0.306459431251625
21	45833623	3.081432025079696	0.651775616925667
21	45862835	3.0113171887988988	0.6567705608678713
21	45892047	3.232053841805548	0.3314238449575958
21	45921259	3.110761021506078	0.3301691189581639
21	45950471	2.836970018684756	0.3409845367633587
21	45979683	2.973336609805687	0.301739873565697
21	46008895	3.0947511197567525	0.6378659233126018
21	46038107	3.148884070571224	0.3039815604953413
21	46067319	2.968817884679757	0.6713238056254225
21	46096531	3.187318166782574	0.6334148196320123
21	46125743	2.844355870958592	0.3029731119480844
21	46154955	2.972921343097606	0.3453849215843548
21	46184167	2.977937540818658	0.3740967905687878
21	46213379	3.1179064171020903	0.3416631587631497
21	46242591	3.160328493044474	0.6373781760219035
21	46271803	3.157422448113044	0.6907703068112963
21	46301015	2.836978993947148	0.6528257977390904
21	46330227	3.021021756065624	0.3720976611917608
21	46359439	2.819908095929047	0.342927931263591
21	46388651	3.008390154969284	0.6445296115612971
21	46417863	3.203772866917431	0.6736168227004274
21	46447075	3.246817015909984	0.2879709686269009
21	46476287	3.061466021153626	0.3352166730838138
21	46505499	3.0387624252832124	0.3220298723829916
21	46534711	2.983136371485673	0.3930410549636571
21	46563923	3.001292423586788	0.6762903988054316
21	46593135	3.178435862380238	0.6718005199081617
21	46622347	2.899883901382716	0.5983944900767695
21	46651559	2.9713731545408195	0.3489753034403617
21	46680771	3.0054894305739785	0.705064838441789
21	46709983	2.918095726741553	0.7052754285713637
